Step	Part	Number	FreeCAD Label	Direction Coordinates	Filename
Step 2.1 - Parts	B-screw M6-12	16	B-screw M6-12 013	[0.19033107161521912, -0.28366222977638245, 0.939845621585846, 0.8303922288283294, 0.5571792374627771, 1.3428907053025796e-06]	b-screw-m6-12.svg
Step 2.1 - Parts	T-nut M6	16	T-nut M6 032	[0.19033107161521912, -0.28366222977638245, 0.939845621585846, 0.8303922288283294, 0.5571792374627771, 1.3428907053025796e-06]	t-nut-m6.svg
Step 2.1 - Parts	Bracket 30	8	Bracket 30 007	[0.19033107161521912, -0.28366222977638245, 0.939845621585846, 0.8303922288283294, 0.5571792374627771, 1.3428907053025796e-06]	bracket-30.svg
Step 2.1 - Parts	Profile 30-380	2	Profile 30-380 001	[0.19033107161521912, -0.28366222977638245, 0.939845621585846, 0.8303922288283294, 0.5571792374627771, 1.3428907053025796e-06]	profile-30-380.svg
Step 2.1 - Parts	Profile 30-350	2	Profile 30-350 001	[0.19033107161521912, -0.28366222977638245, 0.939845621585846, 0.8303922288283294, 0.5571792374627771, 1.3428907053025796e-06]	profile-30-350.svg
