Step	Part	Number	FreeCAD Label	Direction Coordinates	Filename
Step 1 - Parts	T-nut M6	12	T-nut M6	[0.2665380835533142, -0.45613211393356323, 0.8490588665008545, 0.8633987899573192, 0.5045221067296559, 8.980689258919483e-08]	t-nut-m6.svg
Step 1 - Parts	B-screw M6-12	12	B-screw M6-12	[0.2665380835533142, -0.45613211393356323, 0.8490588665008545, 0.8633987899573192, 0.5045221067296559, 8.980689258919483e-08]	b-screw-m6-12.svg
Step 1 - Parts	Bracket 30	6	Bracket 30	[0.2665380835533142, -0.45613211393356323, 0.8490588665008545, 0.8633987899573192, 0.5045221067296559, 8.980689258919483e-08]	bracket-30.svg
Step 1 - Parts	Profile 30-770	3	Profile 30-770	[0.2665380835533142, -0.45613211393356323, 0.8490588665008545, 0.8633987899573192, 0.5045221067296559, 8.980689258919483e-08]	profile-30-770.svg
Step 1 - Parts	Profile 30-800	2	Profile 30-800	[0.2665380835533142, -0.45613211393356323, 0.8490588665008545, 0.8633987899573192, 0.5045221067296559, 8.980689258919483e-08]	profile-30-800.svg
